{"0": {"cpu": 20, "memory": 40, "disk": 1, "net": 0.5, "proc": 300, "count": 1}, "1": {"cpu": 20, "memory": 40, "disk": 1, "net": 0.5, "proc": 300, "count": 1}, "2": {"cpu": 20, "memory": 40, "disk": 1, "net": 0.5, "proc": 300, "count": 1}, "3": {"cpu": 20, "memory": 40, "disk": 1, "net": 0.5, "proc": 300, "count": 1}, "4": {"cpu": 20, "memory": 40, "disk": 1, "net": 0.5, "proc": 300, "count": 1}, "5": {"cpu": 20, "memory": 40, "disk": 1, "net": 0.5, "proc": 300, "count": 1}, "6": {"cpu": 20, "memory": 40, "disk": 1, "net": 0.5, "proc": 300, "count": 1}, "7": {"cpu": 20, "memory": 40, "disk": 1, "net": 0.5, "proc": 300, "count": 1}, "8": {"cpu": 20, "memory": 40, "disk": 1, "net": 0.5, "proc": 300, "count": 1}, "9": {"cpu": 20, "memory": 40, "disk": 1, "net": 0.5, "proc": 300, "count": 1}, "10": {"cpu": 2.4645538532544378, "memory": 72.7685959569573, "disk": 3.466652128617667, "net": 0.007763512173168338, "proc": 282.17384602374034, "count": 190}, "11": {"cpu": 20, "memory": 40, "disk": 1, "net": 0.5, "proc": 300, "count": 1}, "12": {"cpu": 20, "memory": 40, "disk": 1, "net": 0.5, "proc": 300, "count": 1}, "13": {"cpu": 20, "memory": 40, "disk": 1, "net": 0.5, "proc": 300, "count": 1}, "14": {"cpu": 2.5228033482804046, "memory": 65.59699248716564, "disk": 0.5572373787628806, "net": 0.008699482724228519, "proc": 274.386856960218, "count": 90}, "15": {"cpu": 20, "memory": 40, "disk": 1, "net": 0.5, "proc": 300, "count": 1}, "16": {"cpu": 20, "memory": 40, "disk": 1, "net": 0.5, "proc": 300, "count": 1}, "17": {"cpu": 20, "memory": 40, "disk": 1, "net": 0.5, "proc": 300, "count": 1}, "18": {"cpu": 20, "memory": 40, "disk": 1, "net": 0.5, "proc": 300, "count": 1}, "19": {"cpu": 20, "memory": 40, "disk": 1, "net": 0.5, "proc": 300, "count": 1}, "20": {"cpu": 20, "memory": 40, "disk": 1, "net": 0.5, "proc": 300, "count": 1}, "21": {"cpu": 20, "memory": 40, "disk": 1, "net": 0.5, "proc": 300, "count": 1}, "22": {"cpu": 20, "memory": 40, "disk": 1, "net": 0.5, "proc": 300, "count": 1}, "23": {"cpu": 20, "memory": 40, "disk": 1, "net": 0.5, "proc": 300, "count": 1}}